"","BayesSpace","SC-MEB","DR-SC","SEDR","GraphST","STAGATE","SpaGCN (w/)","SpaGCN (w/o)","stLearn (w/)","stLearn (w/o)","k-means","BASS","STAMarker","SpaMask"
"Gut",0.145345772152285,0.166395573057174,0.18335569846821,0.173999733804032,0.259144409572646,0.259750755860325,0.251049629590612,0.24421123370752,0.168235344963402,0.163476469506458,0.0933386653262895,0.232053379565342,0.300074037683571,0.265279596206055
"Brain",0.520420895385145,0.350684875888307,0.333522239791924,0.484559027912199,0.453511889505868,0.435085008910239,0.419212676180909,0.392837255303732,0.429501994388344,0.406632092050549,0.369420177844353,0.536794553290642,0.61422883661626,0.596408504353541
"Breast",0.412848770942073,0.396542403036051,0.337579746678183,0.176933808265111,0.394563530738268,0.458972418121831,0.383725669410654,0.4187393657011,0.492155349361398,0.473566937621183,0.370262422828652,0.38612862236938,0.207736984201765,0.238135980130269
"Prostate",0.541704588849674,0.475933199118612,0.455342956615724,0.367815088940103,0.655129682048047,0.64705411774895,0.646870276502084,0.657633700276441,0.727467875077189,0.714320192356721,0.404840945432414,0.719137950547431,0.517250627260413,0.616728020231166
"STARmap",NA,0.345934450171042,0.360643399070307,0.68336291954705,0.537762383644418,0.347085428982231,NA,0.178087930306771,0.124468733274895,NA,0.2968723636498,0.651577109732593,0.646398831857028,0.71935184407983
"Lung",0.299115682234888,0.423607366966397,0.325683643677988,NA,0.231637445110076,0.504842472505565,NA,0.339318806613236,0.289507931100498,NA,0.285535624273487,0.36261771060299,0.251820862495009,0.467315804254412
"Colon",0.203625946383354,0.23442844376446,0.344158473748663,NA,NA,0.428213771408558,NA,NA,NA,NA,0.188144940635381,NA,NA,0.354482928552048
"osmFISH",0.295191813594116,0.268384726397639,0.402314607183507,0.585207326088678,0.419520742899475,0.300857750729482,NA,0.346201327231576,0.264345879742474,NA,0.215839517434914,0.545405939595395,0.168920402701769,0.561555302205207
