"","BayesSpace","SC-MEB","DR-SC","SEDR","GraphST","STAGATE","SpaGCN (w/)","SpaGCN (w/o)","stLearn (w/)","stLearn (w/o)","k-means","BASS","STAMarker","SpaMask"
"Gut",0.195031481667091,0.145533727006123,0.177814235044425,0.151529784496235,0.256081725713685,0.259750755860325,0.251049629590612,0.24421123370752,0.158917811719972,0.158333408718102,0.0849809250955104,0.250880656385509,0.300074037683571,0.282281114334197
"Brain",0.487542186058159,0.352656879048918,0.334733348624203,0.287539684944217,0.430226193196607,0.435085008910239,0.419212676180909,0.392837255303732,0.392955996051807,0.328620480779525,0.356902238814022,0.515983304643839,0.61422883661626,0.425456558815205
"Breast",0.454353227069842,0.427640191355779,0.373824015653079,0.194274957282818,0.412141340479648,0.458972418121831,0.383725669410654,0.4187393657011,0.540345126560979,0.489901327323211,0.345331595134848,0.493745406403187,0.207736984201765,0.277852964683731
"Prostate",0.533320969891462,0.464733528219676,0.437135012598555,0.391259804781418,0.591812825556214,0.64705411774895,0.646870276502084,0.657633700276441,0.734033919469311,0.718772051049402,0.40139633614255,0.684531442691864,0.517250627260413,0.579285019162188
"STARmap",0.264833411380255,0.284119377543918,0.159913784299465,0.241507413228067,0.196091026217096,0.347085428982231,NA,0.178087930306771,0.110578932296569,NA,0.166019704822967,0.538945903866892,0.646398831857028,0.546775639783982
"Lung",0.311816723574931,0.316387553471315,0.336152538265241,NA,0.231637445110076,0.504842472505565,NA,0.339318806613236,0.287295423255368,NA,0.274444005641528,0.38035250867774,0.251820862495009,0.421330384239855
"Colon",0.209157713203595,0.316152762381363,0.365756310517842,NA,NA,0.428213771408558,NA,NA,NA,NA,0.202754613259371,NA,NA,0.262818114815834
"osmFISH",0.244933372368906,0.258886994278055,0.348859336125032,0.426083613780432,0.46212125164958,0.300857750729482,NA,0.342806695842595,0.169892495422762,NA,0.188640108062769,0.508772093745013,0.168920402701769,0.452162292901305
